station,PM2.5
Changping,71.09974336541266
Dingling,65.989496864518
Dongsi,86.19429678848283
Guanyuan,82.93337203901532
Gucheng,83.85208902318554
Huairou,69.62636686112984
Nongzhanguan,84.83848298292484
Shunyi,79.49160200286961
Tiantan,82.16491115828656
Wanliu,83.37471599100398
Wanshouxigong,85.02413582402235
