year,PM2.5
2015,87.3430904668134
2016,80.22595184438381
